{
  "engine": "/home/claude/interval-v0.52/engine.js",
  "node": "v22.22.2",
  "when": "2026-07-17T21:15:58.537Z",
  "results": [
    {
      "population": 100,
      "ticks": 30,
      "verify": {
        "median": 12.469219,
        "p95": 18.631915,
        "max": 21.88716
      },
      "hash": {
        "median": 4.386001,
        "p95": 13.892883999999999,
        "max": 30.881364
      },
      "next": {
        "median": 93.685049,
        "p95": 144.998099,
        "max": 146.773547
      },
      "total": {
        "median": 111.706614,
        "p95": 161.734633,
        "max": 193.40825
      },
      "ticksPerSec": 8.551703059221516,
      "replayTicksPerSec": 15.394112304589498,
      "replaySpeedup": 9.236467382753698,
      "finalHash": "43c39656a4ffa75f3d00ff185b367b4021817915748f465f7421d8ea71bf75ba",
      "perf": {
        "backend": "native+fallback",
        "sigCacheHits": 5388,
        "sigCacheMisses": 2688,
        "sigCacheEvictions": 0,
        "nativeCalls": 2688,
        "fallbackCalls": 8,
        "stateHashHits": 30,
        "stateHashMisses": 32
      }
    },
    {
      "population": 500,
      "ticks": 30,
      "verify": {
        "median": 50.180482,
        "p95": 65.85248,
        "max": 78.824019
      },
      "hash": {
        "median": 15.131993,
        "p95": 23.969020999999998,
        "max": 31.551446000000002
      },
      "next": {
        "median": 298.232996,
        "p95": 345.004548,
        "max": 397.427831
      },
      "total": {
        "median": 366.152691,
        "p95": 432.745449,
        "max": 472.075419
      },
      "ticksPerSec": 2.687644229661551,
      "replayTicksPerSec": 3.8157855824699194,
      "replaySpeedup": 2.2894713494819516,
      "finalHash": "23ada06e36207620d1e79cf02a3464ed6251b68d8ef3374974ee3444186d3cea",
      "perf": {
        "backend": "native+fallback",
        "sigCacheHits": 35262,
        "sigCacheMisses": 13566,
        "sigCacheEvictions": 0,
        "nativeCalls": 13566,
        "fallbackCalls": 47,
        "stateHashHits": 60,
        "stateHashMisses": 64
      }
    }
  ]
}